year,avgTemp,minTemp,maxTemp,rainFall,avgPrice
20150102,-6,-9,-1.9,0,2121
20150105,3.7,-1.1,7.9,0.4,2135
20150106,-3.2,-7.6,4,3,2172
20150107,-5.5,-8.9,-0.6,0,2194
20150108,-5.1,-9.5,-0.2,0,2144
20150109,-2.1,-6.8,3.5,0,2148
20150112,-2.7,-7.3,3.7,0,2150
20150113,0.2,-5.1,5.8,0,2130
20150114,2.5,-0.3,6.1,0,2130
20150115,2.8,-1.1,9,0,2121
20150116,0.8,-2.5,3.4,0.3,2124
20150119,-0.1,-4,3.1,0.1,2138
20150120,-0.9,-6.4,4.4,0,2138
20150121,2.6,-1.2,6.5,0,2140
20150122,3.1,0.8,7.1,0,2174
20150123,1.2,-1.6,4.9,0,2196
20150126,3.6,0.2,6.5,0.5,2196
20150127,-3.6,-7.4,0.5,0,2196
20150128,-4.1,-9.1,2.7,0,2196
20150129,-1.1,-4.6,3,0,2279
20150130,-3.3,-7,0.8,0,2270
20150202,-0.6,-5.3,6.4,0,2291
20150203,0.6,-3.5,7.2,0,2336
20150204,0.4,-3.1,5.8,0,2352
20150205,-0.1,-3.8,4.8,0,2342
20150206,0.4,-4.3,6.5,0,2348
20150209,-5.7,-13,-0.1,0.2,2368
20150210,1.7,-2,5.8,0,2363
20150211,2.7,-0.8,8,0,2370
20150212,-2.2,-4.7,1.6,0,2500
20150213,-1.6,-6.4,4,0,2513
20150216,5,4.1,7.9,10.5,2637
20150217,1.9,0.5,4.1,0.5,2609
20150223,0.9,-2.4,5.9,0,2629
20150224,2.1,-1.1,7.5,0,2619
20150225,5.4,0.2,12.5,0.5,2588
20150226,1.2,-3.5,4.7,0.5,2533
20150227,-1.3,-5.6,4.8,0,2521
20150302,3.9,-1.9,9.7,0,2525
20150303,2.8,-1.3,6.7,5.5,2466
20150304,-2.1,-4.6,1.4,0,2477
20150305,-0.3,-5.4,5.5,0,2479
20150306,2.9,-3.2,10.4,0,2427
20150309,2.2,-5.4,8.2,0,2462
20150310,-3.4,-6.9,1,0,2491
20150311,0.4,-5.1,7.5,0,2491
20150312,2.1,-3.5,6.7,0,2383
20150313,5.6,1.8,11,0.1,2322
20150316,9.8,1.3,18.6,0,2302
20150317,10.7,6.9,16.1,0,2285
20150318,10.7,8.4,14.4,1.5,2295
20150319,12.4,6.5,21,0,2304
20150320,13.4,7.6,21.9,0,2294
20150323,4.6,0,10.1,0,2294
20150324,5.4,-0.9,12.4,0,2294
20150325,6.5,0.1,14.2,0,2294
20150326,7.9,1.6,14.8,0,2294
20150327,9.1,3.2,16.2,0,2294
20150330,13.2,5.9,20.8,0,2260
20150331,12.9,10,14.9,2.5,2260
20150401,12.9,10,17.6,2.5,2260
20150402,14.8,8.5,21.8,28,2256
20150403,10.6,6.9,15.1,3.5,2256
20150406,10.3,6.9,15.4,0,2282
20150407,8.4,5.5,12.2,0,2308
20150408,8.3,3.5,13.7,0,2293
20150409,9.6,3.8,16.3,0,2303
20150410,11.6,4.6,19.2,0,2303
20150413,12,7.4,17.6,6.5,2335
20150414,6.9,5.8,8,10.5,2335
20150415,11.1,5.6,17,1,2339
20150416,9.9,6.9,14.8,7,2378
20150417,10.5,4.8,16.1,0,2378
20150420,12.2,10.3,16.8,5.5,2390
20150421,14,7.7,20.9,0,2384
20150422,14.2,9.3,20.7,0,2384
20150423,14.5,8,20.1,0,2399
20150424,15.7,10.4,22.8,0,2378
20150427,18.5,12.7,24.9,0,2378
20150428,20.3,12.3,26.9,0,2405
20150429,17,15.8,18.4,3.5,2405
20150430,21.2,15.1,28.3,0,2423
20150504,16.1,12.5,20.1,0,2423
20150506,15.4,9.8,22,0,2440
20150507,16.5,10.6,24,0,2428
20150508,16.7,11.7,22.7,0,2429
20150511,18.4,14.4,24.1,14,2431
20150512,13.3,10.3,17.5,9.5,2413
20150513,17.4,11.8,21.4,0,2437
20150514,20.4,15.3,26.6,0,2437
20150515,19.1,16.3,23.7,0,2437
20150518,17.7,13.7,22.2,0,2435
20150519,14.8,13,16.2,1,2441
20150520,16.3,10.6,21.9,0,2441
20150521,18.7,12.6,26,0,2409
20150522,20,13.7,27.2,0,2441
20150526,21.5,14.1,30.3,0,2441
20150527,23.2,14.4,31.5,0,2441
20150528,24.3,16.7,32.2,0,2450
20150529,23.8,18.5,29.8,0,2425
20150601,21.7,15.8,28.5,0,2468
20150602,23.1,18.1,29.8,0,2468
20150603,23.3,17.1,29.4,0,2468
20150604,24.2,17.1,31.5,0,2451
20150605,19.1,17.5,22,1,2460
20150608,22.4,18.2,27.8,0,2486
20150609,22.2,18.8,28.1,0,2486
20150610,25.3,17.6,34.9,0,2486
20150611,24.6,20.7,30.2,7.5,2507
20150612,23.6,19.4,29.9,0.5,2524
20150615,24.2,19.6,30.6,0,2522
20150616,25,20,30.9,0,2522
20150617,23.4,20.2,30.8,9.5,2513
20150618,24.8,19.6,31.3,3,2470
20150619,24.5,20,29.9,0,2470
20150622,24,19.4,29.1,0,2470
20150623,24.7,19.7,31,0,2461
20150624,25.7,21.1,30.6,0,2461
20150625,24.8,21,29.1,2,2518
20150626,21,18,25.3,12.5,2518
20150629,25.7,21.2,30.6,0,2549
20150630,24.4,21.9,29.2,2.5,2555
20150701,23.7,21,27.9,0.5,2555
20150702,23.7,20.4,29.3,0,2528
20150703,23.3,19.2,28.3,0,2528
20150706,25.3,20.2,32.5,0,2531
20150707,25.6,21.4,29.7,0,2549
20150708,23.4,20.7,26.3,0.5,2549
20150709,26.5,22.1,31.8,0,2560
20150710,29.2,23.6,34.3,0,2560
20150713,23.1,21.4,24.9,10,2557
20150714,26.1,22.5,31.4,0,2597
20150715,27.9,22.7,33.9,0,2597
20150716,24.7,20.6,28.9,0,2609
20150717,23.6,18.4,28.6,0,2613
20150720,27.5,24.4,31.2,0,2613
20150721,27,24.6,29.6,11,2613
20150722,27.7,25.3,31.7,1,2613
20150723,26.9,24.9,32.1,16,2618
20150724,24.7,22.6,25.4,26.5,2618
20150727,26.2,24.4,30,1.5,2607
20150728,27.7,24.6,31.2,0,2607
20150729,26.7,24.8,28.8,4,2607
20150730,28.6,25.5,33.1,0,2612
20150731,27.9,26.2,32.4,0,2612
20150803,27.9,25.6,31.5,0,2640
20150804,27.5,25.4,30.8,0,2630
20150805,28.6,25.9,32.7,0.1,2630
20150806,29.3,24.5,34.4,0,2638
20150807,28.9,26,34.4,11,2638
20150810,27,23.9,32,0,2638
20150811,26.8,24.5,30.6,0,2648
20150812,27.3,22.1,32.9,0,2630
20150813,26.5,23.9,31.1,0,2630
20150817,26.6,19.8,32.9,0,2634
20150818,27.9,24.1,32.2,0,2634
20150819,26.8,24.2,29.7,0,2622
20150820,25.4,24.2,28.1,0.4,2617
20150821,25.2,23,29.3,2.5,2634
20150824,26.3,23.3,30.3,0,2634
20150825,21.7,19.2,24.5,5.5,2634
20150826,21.9,18.9,25.3,0,2611
20150827,24.7,21.2,30,0,2591
20150828,23.2,19,28.1,0.3,2591
20150831,25.9,21,31.2,0,2525
20151104,12.2,5.8,19.8,0,2426
20151105,13.2,8.6,19.2,0,2175
20151106,13.5,9.6,19.2,4.5,2163
20151109,10.8,9.8,12.1,3.5,2130
20151110,10,7.7,13.5,0,2126
20151111,11.6,6.6,17.7,0,2073
20151112,14.5,10.2,21,0,2131
20151113,11.5,10.5,13.1,22.5,2120
20151116,12.2,10.7,14,5.5,2138
20151117,13.9,11,19.3,0,2077
20151118,10.4,8.4,12.6,5.5,2077
20151119,8.9,6.7,10.8,0,2082
20151120,9.8,7.1,14.4,0,2072
20151123,8.5,6.5,11,6.5,2072
20151124,5.6,2.7,8.8,0.5,2067
20151125,2.4,0.9,5.3,11,2067
20151126,-2.7,-4.8,0.9,0,2067
20151127,-2.8,-7.3,2,0,2056
20151130,4.1,0.9,8.5,0,2056
20151201,4,-1.3,10.4,0,2039
20151202,6,2.9,8.5,13.5,2003
20151203,-0.7,-3.2,3.3,7.1,1994
20151207,1.9,-3.4,6.7,0,2001
20151208,2.9,-1.4,9.6,0,2001
20151209,5,-0.8,10.9,0,2001
20151210,7.8,5.8,9.2,0.3,2001
20151211,6.4,3.3,12.2,0,2001
20151214,5,2.6,6.4,2.5,1984
20151215,4.7,2,8.2,0.1,2059
20151216,-1,-5,2.8,0,2059
20151217,-4.6,-7.4,-0.4,0,2059
20151218,-3.3,-7,-1,0,2059
20151221,2.2,-0.2,5,2,2059
20151222,3.1,-1.5,7.7,0,2076
20151223,5.9,2.9,10.6,0.4,2076
20151224,1.5,-1.6,5.3,0,2076
20151228,-5.7,-9.5,-1,0,2076
20151229,-3.2,-8.7,2.9,0,2076
20151230,0.3,-3.5,4.3,2.5,2076
20151231,0.7,-1.9,2.8,0,2015
20160104,2,-2.5,5.3,0,2015
20160105,-2.7,-4.8,1.5,0,2015
20160106,-1.7,-4.9,1.7,0,2015
20160107,-3.4,-5.9,1.4,0,2015
20160108,-3.3,-6.9,1,0,2042
20160111,-3.8,-6.5,0.9,0,2042
20160112,-5.2,-9.1,0.7,0,2037
20160113,-4.5,-8.2,0.1,0.4,2012
20160114,-3.4,-8.4,1.3,0,2070
20160115,-0.4,-4.3,5.3,0,2096
20160118,-6.3,-12.3,0.4,0.2,2096
20160119,-12.8,-15.1,-8.9,0,2165
20160120,-10.5,-14.5,-5.2,0,2173
20160121,-7.1,-10.2,-2.3,0,2173
20160122,-7.6,-11.1,-3.8,0,2152
20160125,-9.4,-14.3,-3.4,0,2152
20160126,-3.3,-8.5,1.7,0.3,2162
20160127,-1.1,-4.7,4.3,0,2162
20160128,-0.5,-5.6,3.5,0,2193
20160129,1.9,-1.4,5.4,0,2193
20160201,-6,-9.1,-1,0,2165
20160202,-5.3,-10,0.9,0,2190
20160203,-2.4,-8.3,4,0,2223
20160204,-0.7,-4,3.9,0,2242
20160205,-2.2,-6.8,3.4,0,2234
20160211,8.1,1.6,13.5,0.1,2188
20160212,8.4,6.8,10,18,2188
20160215,-5.8,-10,-2.3,0,2172
20160216,-2.7,-6.7,1.1,0.8,2139
20160217,0,-5.2,5.4,0,2162
20160218,3.5,-1.4,7.8,0,2159
20160219,2.3,0.1,4.4,0,2146
20160222,1.1,-2.2,4.2,0,2114
20160223,0.7,-4.5,4.5,0.9,2132
20160224,-3,-6.8,2.2,0,2125
20160225,-0.2,-5.8,5.7,0,2122
20160226,2.2,-3.2,7.5,0,2084
20160229,-3.8,-5.9,-1.1,0,2101
20160302,3.1,-2.2,8.1,0,2094
20160303,8.1,4.4,13.9,0,2098
20160304,13.2,6.4,20.3,0.1,2098
20160307,8.1,4.8,12.2,0,2114
20160308,2.7,-1.4,7,0,2114
20160309,0.3,-2.7,5.3,0,2114
20160310,-1.1,-4.3,3.1,0,2119
20160311,-0.5,-5.5,4.6,0,2103
20160314,4.7,1.3,9.6,0,2072
20160315,5.2,-1,12.4,0,2072
20160316,7.5,2.7,13.8,0,2065
20160317,9.3,2,14.7,0,2098
20160318,13.4,8.8,20.1,0,2098
20160321,9.9,5.5,16.1,0,2081
20160322,8,3.5,13.8,0,2081
20160323,8.2,3.8,13.8,0,2081
20160324,7.2,1.6,12.7,0,2035
20160325,7.1,2.1,12.6,0,2002
20160328,9.8,2.3,17.4,0,2002
20160329,11.3,7.6,17.1,0.1,2002
20160330,11.5,7,18.3,0,2002
20160331,13.5,6,21.4,0,2002
20160401,15.3,7.3,23.8,0,2002
20160404,12.3,5.1,19.8,0,2030
20160405,11.4,5.9,18.1,0,2030
20160406,14.4,6.6,22.9,3,2030
20160407,14.1,10.5,20.6,7.5,2015
20160408,11.1,7.8,18.7,0,2007
20160411,12.5,5.7,19.4,0,2007
20160412,14.1,10.3,19.4,0,2007
20160414,12.4,9.3,18.6,0,1992
20160415,15,8.1,23.1,0,1992
20160418,11.2,7.1,18.6,1.5,1993
20160419,12,6.5,19.2,0,1993
20160420,14.3,10.1,20.9,0.5,2023
20160421,13.5,10.3,16.9,17,2023
20160422,13.5,10.1,18.6,0,2023
20160425,17.2,10.2,25.3,0,2014
20160426,21.1,12.1,29.6,0,2061
20160427,17.2,14.5,20.7,0,2088
20160428,17.2,12.4,23,0,2112
20160429,16.2,10.9,22.6,0.3,2112
20160502,21.1,16.5,28.4,16.5,2112
20160503,12.9,8.9,17.6,27,2112
20160504,15.7,10.2,20.6,0,2118
20160509,20.2,16.3,25.4,0,2118
20160510,14.5,12.5,18.1,13.5,2118
20160511,16.4,10.4,23.5,0,2118
20160512,17.8,12.1,24,0,2124
20160513,18.6,12.7,25.4,0.5,2087
20160516,15.9,10.8,21.9,2.5,2091
20160517,19.3,10.9,26.6,0,2091
20160518,22.3,13.5,29.5,0,2091
20160519,24.3,16.3,31.9,0,2131
20160520,24,16.8,31.6,0,2121
20160523,23.3,18.3,29.4,0,2077
20160524,16.8,15.4,21.8,38.5,2077
20160525,19.7,15.3,24.4,0,2077
20160526,19.4,17.5,22.9,0,2068
20160527,20.9,14.8,27.1,0,2086
20160530,22.1,16.9,28.9,0,2126
20160531,21.6,17.4,27.6,0,2093
20160601,23.3,17.1,29.9,0,2093
20160602,23.2,17.2,29.1,0,2010
20160603,22.2,17.6,27.7,0,2010
20160607,21.7,19.6,25.9,0.1,1993
20160608,22.1,18.2,27.7,0,2014
20160609,24.1,17.8,31.3,0,1954
20160610,24.6,20.2,31.3,0,1947
20160613,23.5,19.4,29.6,0,1959
20160614,23.8,19.7,29.5,0,1959
20160615,20.9,17.4,24.5,15.5,1954
20160616,20.9,18.6,24.9,0,1993
20160617,23.8,18.6,29.1,0,1993
20160620,24.7,19.6,30.7,0,1974
20160621,26,21,31.3,0,1974
20160622,24.3,20.9,30.2,30.5,1956
20160623,24.7,19.6,29.4,0.1,1988
20160624,23.1,21.1,25.7,3.5,1995
20160627,24.4,19.9,29.5,0,2002
20160628,24.7,20.4,29.7,0,2029
20160629,25.3,20.9,30.2,0,2029
20160630,24.6,23,26.9,0.2,2029
20160701,24,22,26.6,108.5,2029
20160704,21.8,20.2,24.1,29.5,2066
20160705,23.1,20.2,24.8,100.5,2066
20160706,22.9,20.3,26.9,0,2066
20160707,24,20.1,28.5,0,2121
20160708,27.3,21.2,32.4,0,2113
20160711,28.4,24.8,33.4,0,2113
20160712,26.3,22.1,30.9,3,2113
20160713,26.3,23.2,29.5,0,2113
20160714,27.5,24,32.4,0.1,2113
20160715,26.2,23.7,29.2,1.5,2113
20160718,24.4,20.7,28.4,0.2,2113
20160719,27.1,20.9,32.4,0,2113
20160720,28.6,24,32.9,0,2113
20160721,28.3,24.9,32.2,0,2113
20160722,29.1,25.3,34.1,0,2113
20160725,28.4,26.4,31.4,0,2113
20160726,28.4,25.6,31.9,0,2138
20160727,27.6,26.7,28.9,0.5,2138
20160728,28,26.7,30.5,0.2,2172
20160729,26.3,23.4,28.4,59.5,2214
20160801,28.4,25.8,32.4,0,2214
20160802,27.2,25,31.1,2,2214
20160803,29.1,24,34.2,0,2232
20160804,30.7,26,35.7,0,2232
20160805,31.2,26.5,36,0,2267
20160808,30.5,26.4,35.5,0,2267
20160809,29.3,26.4,33.6,1,2300
20160810,29.4,26.1,34.8,0,2343
20160811,30.5,26.1,36.4,0,2343
20160812,30.4,26.4,35.9,0,2307
20160816,29.3,26.2,34.9,0.5,2307
20160817,29.9,25.1,34.7,0,2307
20160818,29.9,26.2,34.3,0,2307
20160819,28.9,26.6,33.2,11.5,2307
20160822,30.7,25.8,36.3,0.4,2264
20160823,28.3,26,33,8,2281
20160824,29.1,26.4,32.9,0,2261
20160825,27.1,24,32.2,4.5,2261
20160826,23,19.5,28.2,20,2261
20160829,22.2,17.4,27.1,0,2191
20160830,20.6,17.9,24.5,0,2196
20160831,17.7,16.1,19.2,17.5,2196
20161021,17.9,15.7,22,0,1997
20161024,15.1,9,20.6,0,1896
20161025,14.1,12.5,17.5,37,1786
20161026,13.3,10.5,16.3,0,1770
20161027,14.6,8.6,20.9,0,1710
20161028,14.6,10.2,18.4,0.3,1710
20161031,5.7,0.7,8.2,0.5,1763
20161101,1.5,-2.4,6.6,0,1841
20161102,4.1,-2.7,10.5,0.1,1841
20161103,9.1,4.2,14.1,0.2,1848
20161104,12.3,8.2,15.7,0,1847
20161107,12.8,8.5,17.8,5.5,1846
20161108,4.1,0.4,8.4,0.5,1856
20161109,2.1,-3.2,8.6,0,1856
20161110,6,1.5,9.8,0.4,1839
20161111,9.1,6.2,14.2,4,1838
20161114,13.2,10.2,15.8,1.5,1840
20161115,5.2,2.5,10.2,0,1840
20161116,5.2,0,12,0,1840
20161117,9.1,4,16.5,0,1804
20161118,10.3,4.9,14.6,0,1793
20161121,9.5,5.1,14.6,0,1811
20161122,2,-2.1,8.4,0.2,1831
20161123,-1.8,-4.8,3.6,0,1819
20161124,-2.5,-6.2,2.4,0,1833
20161125,1,-3.5,6,0,1832
20161128,1.4,-1.4,5.6,0,1832
20161129,1.7,-2.8,8.6,0,1832
20161130,6,0.7,9.8,1,1847
20161201,4.1,-1,7,0,1834
20161205,5.9,0.5,10.3,1.5,1811
20161206,-1.1,-4.2,4.3,0,1808
20161207,1.7,-2.7,7.5,0,1808
20161208,2.1,-3,6.1,3,1831
20161209,1.4,-2.9,4.2,3,1832
20161212,2.3,-3,6.3,0,1832
20161213,3.4,-0.4,8.8,0,1836
20161214,-1.4,-2.3,-0.1,0.1,1832
20161215,-5,-7.6,-1.5,0,1814
20161216,-4.7,-9.8,0,0,1813
20161219,7.2,4.3,12,0.1,1817
20161220,7.6,4.4,13.6,0,1826
20161221,7.9,4.1,12.6,29,1845
20161222,5.5,1.5,11,23.5,1808
20161223,-2.5,-4.4,1.5,0.1,1804
20161226,2.5,1.3,4.4,0,1804
20161227,-2.3,-6.3,1.3,0.5,1804
20161228,-3.7,-8.4,2.6,0,1804
20161229,-4.2,-7.2,-1.1,0.3,1798
20161230,-3.9,-9.1,1,0,1808
20170102,5,1.8,9.2,0.3,1821
20170103,2,-2.3,7.7,0,1825
20170104,3.9,1,8.9,0,1825
20170105,3.8,-0.1,7.3,0,1848
20170106,5.4,2.5,11.4,0,1848
20170109,1.5,-3.1,4.3,0,1873
20170110,-3.7,-7.4,1.1,0,1888
20170111,-3.8,-9.4,1.5,0,1888
20170112,-2.2,-6.1,1,0,1902
20170113,-6,-8.6,-1.4,0.6,1900
20170116,-3.8,-8.9,4,0,1943
20170117,-2,-7.1,3.4,0,1952
20170118,-0.5,-3,2.8,0,1975
20170119,-1.2,-4.9,4.7,0,1995
20170120,-4.4,-7.8,-1.4,4,2028
20170123,-8.9,-12.6,-4.1,0,2043
20170124,-7,-11.6,-1.3,0,2117
20170125,-5.2,-10.2,0.9,0,2113
20170126,-1.3,-7.9,3.4,0.3,2140
20170131,-5.4,-9.9,0.2,0,2121
20170201,-4,-7.5,0.7,0,2111
20170202,-2.7,-9.2,3.3,0,2072
20170203,1.5,-2.3,6.7,0,2066
20170206,-1.7,-4.4,2.6,0,1989
20170207,-2,-5.6,3,0,1969
20170208,-2.2,-4.9,0.6,0,1961
20170209,-5.3,-7.1,-2.1,0,1971
20170210,-6.6,-9.3,-2.5,0,1967
20170213,0.1,-5.4,6.1,0,1975
20170214,0.3,-4,6.5,0,1966
20170215,1.8,-3.9,8,0,1966
20170216,5.5,-1.9,10.3,0,1891
20170217,0.8,-5.2,9,4,1873
20170220,-1.5,-5.2,5.4,0.5,1891
20170221,-0.6,-7.6,6.9,0,1905
20170222,1.7,-0.9,2.9,5.1,1904
20170223,-1.5,-4.2,2.1,0,1886
20170224,-0.8,-5.8,4.4,0,1886
20170227,3.7,-1.8,10.7,0,1881
20170228,5.6,-1.3,12.3,0,1821
20170302,1.8,-1.1,6.6,0.5,1807
20170303,3.3,-3.1,10.4,0,1797
20170306,0.1,-2.8,4,0,1796
20170307,-1.3,-4,2.9,0,1786
20170308,-0.1,-5.3,5,0,1786
20170309,3.2,-2.7,10.7,0,1763
20170310,4.8,-1.2,12.2,0,1750
20170313,6.9,1.5,12.2,0,1764
20170314,5.8,1,10.9,0,1765
20170315,6.3,0.4,13.3,0,1765
20170316,6.2,1,13.4,0,1788
20170317,7.7,1.2,15.7,0,1786
20170320,10.2,6,15.5,0,1823
20170321,7.4,4.3,12.6,0,1809
20170322,7.6,1.9,14.1,0,1809
20170323,9.1,5.1,15,0,1827
20170324,8.7,3.9,15.2,0,1827
20170327,6.1,4.4,10.9,0.4,1834
20170328,7.1,2.5,12.7,0,1834
20170329,8.8,4.7,14.4,0,1836
20170330,10.6,4.1,17.1,0,1833
20170331,8.6,4.9,12.4,1.5,1838
20170403,11.4,4.3,19.2,0,1838
20170404,14.1,6.7,21.8,0,1862
20170405,12,10.8,14.2,37.5,1862
20170406,10.4,9.4,12.4,3,1829
20170407,14.5,9,23.5,0,1815
20170410,16.5,10.1,23.3,0,1777
20170411,15.3,11.5,20.2,0,1777
20170412,11.5,8.8,16.4,0,1763
20170413,12.7,6.3,19.6,0,1774
20170414,13,10.1,17.7,6,1791
20170417,14.7,11.2,18,5.5,1798
20170418,11.7,9.4,17.4,7.5,1793
20170419,12.6,7,18.4,0,1793
20170420,12.9,9.9,18.2,0.1,1797
20170421,13.1,7.6,19.3,0,1796
20170424,15.1,8.3,21.3,0,1797
20170425,16,12.9,20.4,0,1823
20170426,15.1,10.5,20.2,0,1823
20170427,13.6,7.9,19.8,0,1821
20170428,14.4,8.9,21.5,0,1831
20170502,20.7,15.2,28,0,1836
20170504,21,14.8,27.5,0,1836
20170508,17.9,11.1,23.5,0,1843
20170510,16.4,14.2,20.8,2.5,1840
20170511,19.3,13.1,24.8,0,1861
20170512,19.1,16.8,21.1,0,1861
20170515,16,12.3,20.1,0,1856
20170516,17.1,13.3,22.3,0,1856
20170517,18.6,12.3,25.9,0,1845
20170518,20.4,13.9,26.9,0,1844
20170519,21.1,15.1,27.9,0,1844
20170522,21.8,15.9,28,0,1850
20170523,20,17.2,24.4,5,1850
20170524,21.8,16.9,27.8,0.1,1850
20170525,19.2,14.4,24.4,0,1806
20170526,17.7,12.4,23.2,0,1806
20170529,22.9,18.1,29.3,0,1812
20170530,23.6,18.6,30.3,0,1840
20170531,23.3,17.7,29.6,0,1840
20170601,23.3,20,27,0,1872
20170602,20.5,15.5,25.6,0,1872
20170605,24.2,16.4,30.3,0,1876
20170607,17.6,15.1,19.2,12.5,1906
20170608,20.1,15.1,25.9,0,1980
20170609,21.2,17.9,25.7,0.1,2043
20170612,22.1,17,28,0,2066
20170613,21.5,18.3,25.9,0,2090
20170614,21.8,17.8,26.8,0,2096
20170615,23.1,18,29.6,0,2111
20170616,25.5,20,32.7,0,2113
20170619,24.8,19.5,30.2,0,2113
20170620,26,20,32.7,0,2131
20170621,25.4,21.7,31.6,0,2162
20170622,25.3,21.2,30.4,0,2218
20170623,26.7,21.3,34.1,0,2218
20170626,23.1,20.1,29.9,29,2239
20170627,25.2,20.8,30.5,0,2239
20170628,26,22.5,30.5,0,2239
20170629,26.2,21.9,31.5,0,2239
20170630,25.9,22.2,30.9,0,2239
20171229,2.1,-0.4,6,0,2038
20180102,-1.8,-4.3,1.8,0,2031
20180103,-4.7,-7.1,-0.4,0,2013
20180104,-4.7,-8.7,-0.7,0,2038
20180105,-3,-5.6,1.6,0,2038
20180108,1.3,-1.2,4,0.9,2058
20180109,-4.2,-6.1,-1.2,0.5,2038
20180110,-7.5,-10.3,-4.8,0.3,2036
20180111,-11.1,-13.6,-7.4,0,2016
20180112,-10.2,-15.3,-5.4,0,2020
20180115,4.7,1.8,7.7,0.2,2025
20180116,3.5,0.1,6.8,0,2025
20180117,4.5,2.4,8.7,0,2025
20180118,2.1,0.3,4.5,0,2067
20180119,1,-2.5,5.5,0,2072
20180122,0.2,-5.3,4,3.3,2072
20180123,-11.7,-14.6,-5.3,0,2067
20180124,-14.2,-16.3,-10.7,0,2067
20180125,-14,-16.4,-9.5,0,2073
20180126,-14.8,-17.8,-10.7,0,2043
20180129,-8.5,-11.6,-4.7,0,2047
20180130,-5.3,-11.4,-0.8,2.9,2079
20180131,-2.6,-5.2,0,0,2075
20180201,-4,-8.8,1.2,0,2018
20180202,-2.4,-7.6,3.8,0,2016
20180205,-9.4,-11.8,-5.1,0,2016
20180206,-10.1,-12.8,-5.8,0,2068
20180207,-8,-13.4,-1.6,0,2048
20180208,-4.4,-9.7,2,0,2113
20180209,0.4,-5.3,6.1,0,2113
20180212,-5.8,-9.6,-1.8,0,2150
20180213,-0.8,-7.4,4.3,0,2186
20180214,3.5,-0.7,8.7,0,2186
20180219,1.8,-1.9,6.8,0,2184
20180220,0.9,-2.4,5.5,0,2184
20180221,-0.9,-4.5,4.4,0,2177
20180222,1.3,-3.9,5.4,0.4,2133
20180223,4.2,-0.3,8.6,3.7,2152
20180226,3.1,-3.2,10.4,0,2143
20180227,4.2,0.6,6.9,0,2137
20180228,4.6,1.8,7.8,25,2137
20180302,-0.7,-6.7,5.4,0,2142
20180305,5.5,1.3,11.4,3.5,2159
20180306,4.5,-1.1,10.9,0,2161
20180307,6.4,2.2,10.7,0.5,2161
20180308,4.6,2.7,9.7,4,2104
20180309,4.5,1.4,9.6,0,2104
20180312,8,2.2,15.5,0,2091
20180313,12.4,5.2,18.8,0,2080
20180314,17,13.6,22.1,0,2068
20180315,12.4,8.4,16.6,27,2049
20180316,7.1,3.6,12.2,0,2046
20180319,8,6.2,10.4,1,2070
20180320,4.7,1.6,9.1,0,2083
20180321,2.1,1.1,5.3,1,2083
20180322,4.9,0.6,11.6,0,2105
20180323,6.1,1.8,12.5,0,2105
20180326,11,5.3,18.1,0,2109
20180327,13.3,7.7,20,0,2100
20180328,14,9.4,19,0,2100
20180329,15.4,11.8,21.1,0,2025
20180330,14.8,9.8,21.9,0,2009
20180402,18.4,14.9,23.7,0,1971
20180403,17.8,14.9,21.2,0.1,1954
20180404,13.4,9.5,18.2,18.5,1910
20180405,7.6,6.7,9.5,10.5,1885
20180406,5.8,3,8.6,6.5,1882
20180409,7.9,0.1,15.4,0,1854
20180410,15.1,6.9,21.9,5,1857
20180411,12.6,8.7,17.3,0,1845
20180412,13.3,6.8,19.6,0,1921
20180413,14.6,8.3,19.3,0,1913
20180416,11.6,4.9,18.8,0,1928
20180417,12.9,6.8,20.1,0,1955
20180418,12.4,6.2,19.3,0,1943
20180419,14,7.4,20.5,0,1931
20180420,18.4,11,26.3,0,1931
20180423,9.3,8.4,10.7,59,1900
20180424,12.1,8.9,16.1,3,1907
20180425,14.6,5.7,23.3,0,1927
20180426,14.9,10,22.1,0,1926
20180427,15.7,9.7,23.3,0,1922
20180430,19.2,14.1,25,0,1910
20180502,15.1,8.7,19.7,12,1890
20180503,11.2,6.9,14.7,1,1906
20180504,14.1,8.8,20,0,1919
20180508,17.5,11.6,22.9,0,1923
20180509,15.7,9.2,21.8,0,1883
20180510,15.4,11.3,21.4,0,1923
20180511,16.1,11.9,21.3,0,1927
20180514,18.2,11.9,24.5,0,1920
20180515,23.2,15.4,29.3,0,1915
20180516,22.3,21.8,24.4,45,1879
20180517,20.9,18.8,23.5,83,1859
20180518,16.3,12.2,19.3,6.5,1865
20180521,17.8,11.3,23.7,0,1861
20180523,17.3,13.6,23.3,6.5,1861
20180524,18.3,11.2,23.7,0,1866
20180525,19.7,13.8,26.2,0,1866
20180528,22.3,16.2,29.1,0,1870
20180529,21.4,19.1,25.9,1,1870
20180530,20.2,15.8,24.7,0,1870
20180531,20.9,14.2,27.6,0,1880
20180601,23.8,17.5,30.2,0,1867
20180604,22.6,18.9,27.5,0,1878
20180605,23.7,17.7,29.2,0,1905
20180607,22.2,17.8,29.4,0,1932
20180608,21.9,18.5,27,0,1928
20180611,20.2,18,23.9,5,1926
20180612,21.3,16.6,27.1,0,1931
20180614,21.6,18.8,25.1,29,1998
20180615,21.7,17.2,27,16.5,1989
20180618,24.8,19.9,30.8,0,1991
20180619,22.4,19.1,27.2,0,1996
20180620,22.7,19.1,28.4,0,2002
20180621,23.7,19.4,28.7,0,1924
20180622,25,18.2,32,0,1951
20180625,27.1,21.3,32.9,0,1951
20180626,22.3,20.2,26.9,71.5,1944
20180627,22.3,19.1,25.5,1,1943
20180628,23.3,20.6,27.3,26.5,1931
20180629,24.7,21.9,29.1,6.5,1931
20180702,22.6,20.6,25.3,59.5,1945
20180703,27.4,22.5,32.6,0.1,1945
20180704,27.3,24,31.8,0,1952
20180705,25.3,23.4,29,0.5,1957
20180706,23.9,21.5,27.1,0,1954
20180709,20.8,20.1,24.2,14,1952
20180710,23.7,20.4,26.5,16.5,1952
20180711,26.8,24.4,29.5,3,1952
20180712,26.6,25.1,28.2,1,1950
20180713,27.3,24.7,30.9,0,1950
20180716,28.7,24,34,0,1950
20180717,28.1,23.9,32.1,0,1964
20180718,28.2,23.7,33.2,0,1964
20180719,28.7,23.2,34.1,0,1934
20180720,29.5,24.6,34.7,0,1934
20180723,31.7,29.2,35.7,0,1956
20180724,31.4,27.2,36.8,0,1962
20180725,30.1,27.7,34.1,0,1965
20180726,30.1,27.3,33.7,0,1965
20180727,30.9,27.2,35.4,0,1965
20180730,31.7,26.2,36.9,0,1986
20180731,32.6,27.8,38.3,0,1978
20180801,33.6,27.8,39.6,0,1986
20180802,33.7,30.3,37.9,0,2018
20180803,33.1,30,37.9,0,2018
20180806,30.5,28.3,35.3,6.5,2018
20180807,30.5,26.8,35.9,0,2041
20180808,31,27.6,35.3,0,2032
20180809,28.8,27.1,32.5,2,2039
20180810,30.7,25.7,36.8,0,2080
20180813,30.5,26.7,34.4,1,2095
20180814,31.7,27.7,37.2,0,2095
20180816,29.9,24.1,35.6,0,2094
20180817,27.2,21.7,33.8,0,2077
20180820,29.1,25.1,33.3,0,2116
20180821,26.6,23.4,31,5,2128
20180822,30.7,23.4,37.6,0,2110
20180823,29.4,25.7,32.2,3,2182
20180824,24.4,23.2,26.3,7.5,2192
20180827,22.7,20.2,24.9,19.5,2212
20180828,23.7,22.5,26.1,96.5,2193
20180829,25.2,22.7,27.4,42,2193
20180830,25.3,23.9,28.2,9.5,2230
20180831,25.6,22.8,30.3,0.1,2186
20180903,23.3,21.4,25.8,34.5,2192
20180904,23.2,20,27.8,0,2177
20180905,24,19.6,28.5,0,2093
20180906,24.1,20.9,28.2,1,2093
20180907,22,19.1,25.5,0.5,2093
20181024,12.5,7.6,18.7,0,2212
20181025,13.8,7,21.2,0,2252
20181026,12.2,9.9,14.7,11,2176
20181029,7.2,3.4,11.7,0,2240
20181030,6.1,0.7,11.6,0,2298
20181031,7.4,3,12.6,0,2223
20181101,8.4,2.5,15.2,0,2175
20181102,10.6,4,19,0,2170
20181105,11.9,6.6,18.3,0,2152
20181106,12.2,8,17.5,0,2149
20181107,12.8,10.3,15.7,2,2212
20181108,11.8,10.5,14.7,64,2198
20181109,12.1,9.5,15.4,1,2198
20181112,8.1,3.1,15.1,0,2233
20181113,8.8,4.1,15.4,0,2266
20181114,9.8,4.8,16.6,0,2266
20181115,9.7,4.7,16.2,0,2297
20181116,8.8,4.2,14.5,0,2297
20181119,6.5,3.3,11.3,0,2325
20181120,6.5,0,12.7,0.2,2286
20181121,5.8,3.1,8.2,1,2302
20181122,2.3,-1.3,7.1,0,2312
20181123,1.9,-3.1,7.6,0,2312
20181126,6.3,1.6,13.6,0,2312
20181127,7.1,3.1,12.5,0,2297
20181128,5,2.1,11.1,0,2297
20181129,3.5,0.6,6.7,0,2297
20181130,2.7,-1.5,8,0,2327
20181203,11.5,9.3,13.5,9.5,2327
20181204,6.7,-0.3,11.8,5,2327
20181205,0,-4.3,3.4,0,2303
20181206,2.4,-1,6.8,0,2238
20181210,-2.5,-8.1,4.6,0,2224
20181211,0.2,-2.4,2.9,0,2224
20181212,-1.9,-5,2.4,0,2224
20181213,-2.2,-5.9,2.1,1.3,2224
20181214,-4.4,-7.8,0.6,0,2229
20181217,1.6,-1.5,5.9,0.3,2229
20181218,2.6,-2.8,7.4,0,2229
20181219,4,1.3,9.5,0,2240
20181220,3.4,-1.1,10.4,0,2191
20181221,5.6,0.4,9.8,0,2219
20181224,-2.3,-5.9,3.1,0,2172
20181226,-1.5,-7.1,3,0,2172
20181227,-10.1,-12.5,-6.5,0,2197
20181228,-10.5,-14.4,-6.6,0,2216
20181231,-5.4,-10.5,-0.5,0,2169
20190102,-4.9,-8.8,0.2,0,2189
20190103,-3.5,-8.4,3.2,0,2220
20190104,-1.1,-6.2,4.1,0,2263
20190107,-1.9,-6.2,3.1,0,2263
20190108,-3.5,-7.2,0.5,0,2265
20190109,-4.7,-9.4,1.3,0,2273
20190110,-0.6,-4.5,3,0,2269
20190111,2.4,-0.4,7.2,0,2302
20190114,1.4,-2.4,5.3,0,2345
20190115,-1.7,-7.2,2.6,0,2365
20190116,-5.2,-10.1,-1.1,0,2341
20190117,-0.3,-3.2,4,0,2416
20190118,0.6,-4.6,6.7,0,2423
20190121,-1.2,-6.7,4.2,0,2416
20190122,1.7,-3.3,7.1,0,2455
20190123,2,-0.8,7,0,2458
20190124,0.1,-4.6,6.5,0,2433
20190125,-1.2,-3.8,2.6,0,2490
20190128,1.2,-2.4,4.5,0,2562
20190129,-0.2,-5.6,7,0,2565
20190130,1.8,-2.8,6.6,0,2566
20190131,-2,-6.2,2.3,0,2695
20190201,-2.1,-7.4,2.8,0.3,2699
20190207,-2.1,-8.2,6.3,0.5,2583
20190208,-6.1,-10.2,-1.3,0,2536
20190211,-3,-7.5,2,0,2451
20190212,-0.6,-4.1,3.7,0,2452
20190213,-2.1,-5.7,2.5,0,2458
20190214,-0.5,-5.9,6.3,0,2495
20190215,-0.8,-2.9,0.9,2.2,2527
20190218,0.9,-4.7,5.9,0,2477
20190219,1.4,0.2,3,4.6,2477
20190220,1.7,-0.1,4.5,0,2443
20190221,2.4,-2.6,9,0,2421
20190222,4,-1.6,10.8,0,2421
20190225,4.7,1.3,10.2,0,2432
20190226,5.2,-1.5,12,0,2432
20190227,7.8,4.7,14,0,2458
20190228,6.6,2,12.8,0,2400
20190304,9.9,5,16.3,0,2361
20190305,8.4,5.6,12.9,0,2361
20190306,8.4,5.7,12.4,0,2361
20190307,7,3.1,12.7,0,2466
20190308,6.1,0.6,13.4,0,2466
20190311,6.6,3.5,10,0,2466
20190312,3.9,-0.3,7.9,0,2445
20190313,3.5,-0.4,8.5,0,2445
20190314,5,-1.7,10,0,2414
20190315,5.5,1.6,11.3,3.5,2458
20190318,7.1,1.4,14.4,0,2458
20190319,10,3.4,16.7,0,2458
20190320,10.3,7.1,14.6,16.5,2458
20190321,7.1,1.9,11.1,3.3,2466
20190322,3.3,-0.7,8.3,0,2470
20190325,7.3,2.9,11.5,0,2470
20190326,11.4,7.4,17.6,0,2470
20190327,11.6,8.9,16.2,0,2470
20190328,9.4,5.6,14.6,0,2507
20190329,9.2,5.5,15.1,0,2507
20190401,5.5,0.3,11.3,0,2474
20190402,6.7,1.3,13,0,2487
20190403,7.6,1.9,13.6,0,2487
20190404,9.2,3,15.7,0,2444
20190405,11.4,7,17.2,0,2444
20190408,11.6,7.6,17.2,0,2424
20190409,9.2,4.7,13.9,17.4,2439
20190410,7.1,4.7,10.2,5.6,2443
20190411,9.5,4.3,15.7,0,2422
20190412,11.4,5.5,18.4,0,2422
20190415,11.6,3.9,18.1,0,2434
20190416,14.9,6.8,22.6,0,2434
20190417,15.3,9.1,21.8,0,2434
20190418,12.6,10.4,16.2,0,2510
20190419,13.8,9.6,19.7,0,2510
20190422,19.3,10.7,28.2,0,2534
20190423,20.4,15.3,25.5,0,2510
20190424,19.5,15.8,25.9,4.1,2503
20190425,13.2,9.4,17.2,11.3,2503
20190426,8.4,6.2,9.9,4.9,2495
20190429,13,8.3,17.3,0,2495
20190430,15.5,9,22.5,0,2495
20190502,17.1,10.6,25.3,0,2494
20190503,17.9,10.1,26.1,0,2494
20190507,15,8.4,21.9,0,2490
20190508,15.6,10.1,21.3,0,2507
20190509,16.6,11.7,22.9,0,2478
20190510,17.8,10.3,26.8,0,2469
20190513,18.7,15.5,22.8,0,2469
20190514,19.6,12.9,26.9,0,2465
20190515,20.7,14.8,28,0,2465
20190516,23.5,16.7,30,0,2523
20190517,23.6,17.6,28.3,0,2480
20190520,16.4,13,20.2,8.7,2480
20190521,17.2,11.7,23.8,0,2480
20190522,19.5,12.3,26.5,0,2424
20190523,22.1,15,29.2,0,2455
20190524,24.2,16.2,33.4,0,2455
20190527,17.8,14.3,22.3,7.1,2455
20190528,18.1,11.9,24.6,0,2455
20190529,20.3,13.3,26.5,0,2442
20190530,19.6,14.6,24.5,0,2471
20190531,19.1,16.1,23.3,0,2471
20190603,23.1,16,29.5,0,2489
20190604,22.6,17.6,29,0,2489
20190605,23,17.8,29.6,0,2489
20190607,20,17,24.7,35.3,2518
20190610,18.4,15.7,21.9,9.5,2518
20190611,20.5,15.5,26.1,0,2518
20190612,21.5,16.1,26.4,0,2518
20190613,23,16.6,28.8,0,2538
20190614,23,19.1,28.4,0,2546
20190617,21.7,18.1,26.2,0,2546
20190618,20.8,17,24.8,13.8,2530
20190619,21.4,18.9,25.4,0.2,2530
20190620,22.7,19.8,27.8,0,2473
20190621,22.1,19.4,26.1,0.2,2500
20190624,25.2,20.9,30.9,0,2521
20190625,25.6,19.5,32.8,0,2542
20190626,25.5,20.7,29.5,0,2542
20190627,25.5,21.9,31.2,1.4,2524
20190628,24.7,22.3,29,0,2543
20190701,23.9,20.6,28.9,0,2543
20190702,24.4,20.8,30.1,0,2539
20190703,24.1,21.2,27.4,0,2539
20190704,25.4,20,32.8,0,2488
20190705,27.6,20.2,35,0,2503
20190708,25.1,21.2,31,0,2510
20190709,25,19.7,30,0,2567
20190710,22.7,19.3,27.3,8.5,2567
20190711,21.9,19.5,25.9,2.9,2613
20190712,23.6,20,28.7,0,2574
20190715,23.8,22.1,27.4,7.7,2574
20190716,24.7,21.4,28.8,6.3,2574
20190717,25.6,22.3,29.2,0.7,2573
20190718,26.9,23.3,32.1,0,2582
20190719,28.6,22.8,35,0,2542
20190722,26.7,24.2,31,0.1,2542
20190723,28.1,24.4,32.9,0,2574
20190724,26.5,25.2,27.2,1,2527
20190725,26.3,25.6,27.4,9.7,2516
20190726,25.1,23.7,25.9,60,2523
20190729,27.5,25.6,30,0.5,2531
20190730,28.1,26.3,30.8,1.2,2531
20190731,25.8,24,27.5,62.3,2527
20190801,26.3,23.5,30.1,26.9,2550
20190802,28.4,24.7,33.1,0,2526
20190805,30.5,25.6,35.9,0,2526
20190806,31.6,27.9,36.8,0,2526
20190807,26.9,23.9,30.3,8,2511
20190808,28.9,25.9,32.7,0,2511
20190809,29.8,26,34.6,0,2546
20190812,26.6,24.8,28.5,56.2,2562
20190813,29.2,25.1,35.3,6.4,2578
20190814,30.4,25.9,35.7,0,2636
20190816,25.9,23,29.5,0.1,2604
20190819,26.3,21.2,31.3,0,2604
20190820,28.2,23.2,32.8,0,2601
20190821,27,24.4,30.4,1.3,2601
20190822,26.9,23,31.4,0,2621
20190823,26.2,22.7,30.5,0,2621
20190826,26.4,21.5,32.1,0,2699
20190827,25.7,22.2,29.3,20,2644
20190828,26.1,23.6,30.2,0,2681
20190829,23.4,20.1,26.4,36.9,2770
20190830,22.6,19.5,27,0.2,2702
20190902,24.4,19.4,29.7,0,2570
20190903,24.1,22,28,0,2570
20191030,11.2,5,17.7,0,1858
20191031,14.8,8.4,19.7,0,1939
20191101,14.9,11.4,20.5,0,1952
20191104,13.8,9.2,20.3,0,1883
20191105,12.4,8.4,18.4,0,1920
20191106,11,6.3,16.5,0,1916
20191107,9.2,5,13.6,0,1889
20191108,6.8,1.1,13,0,1893
20191111,11.2,7.9,15.1,1.1,1947
20191112,9.3,4.8,14.5,0,1937
20191113,7.2,3,11.3,7.5,1882
20191114,1.3,-2.5,5,0,1852
20191115,5.6,1.4,7.6,18.8,1862
20191118,4.6,0.4,12.7,14.7,1862
20191119,0.2,-3.5,4,0,1857
20191120,0.5,-4.6,6.3,0,1864
20191121,4.2,-2.3,9,0,1884
20191122,9.7,3,17.3,0,1884
20191125,1.9,-1.2,6,0,1884
20191126,6.6,1.2,13.7,0,1833
20191127,3.1,0.3,6.8,0,1833
20191128,3.5,-0.6,10.4,0,1787
20191129,1.5,-3.4,6.9,0,1767
20191202,-0.1,-3.2,2.8,0,1769
20191203,0.5,-5,4.2,0.6,1771
20191204,2,-2,7.2,0,1758
20191205,-4.4,-8.5,-0.2,0,1754
20191209,3.2,-1.3,8,0,1749
20191210,8.1,6,10.8,1.7,1749
20191211,6.3,0.1,9.8,0.2,1749
20191212,-0.7,-3.5,3.4,0,1774
20191213,2.1,-3.7,5.9,1,1778
20191216,7.8,2.1,12.9,0,1775
20191217,7.7,3.2,10.2,9.8,1775
20191218,0.8,-1.7,5.2,0,1775
20191219,-0.8,-4.5,3.1,0,1785
20191220,-1.1,-3.5,2,0,1785
20191223,3.4,0.3,5.2,2.9,1798
20191224,0.8,-2.9,6.5,0,1814
20191226,2,-2.4,4.1,0.3,1829
20191227,-1.7,-4.6,2.6,0,1829
20191230,2.7,-5.7,6.8,0.4,1833
20191231,-7.9,-10.9,-4.5,0,1833
20200102,1,-0.7,3.8,0,1821
20200103,-0.1,-3.4,4.6,0,1832
20200106,3.1,0.6,4.6,1.8,1821
20200107,6.3,4.2,7.7,46.3,1817
20200108,2.4,-0.4,8.9,11.6,1835
20200109,-1.2,-3.1,2,0,1838
20200110,-0.6,-4.3,4.2,0,1838
20200113,-2.9,-4.7,0.2,0,1802
20200114,-2.3,-5.7,2.6,0,1812
20200115,-2.7,-6.4,2.2,0,1804
20200116,-1.7,-5.5,3.2,0,1858
20200117,-0.6,-4.8,4.9,0,1876
20200120,0.7,-3.3,5.5,0,1953
20200121,-0.4,-5.6,5.5,0,2007
20200122,3,-0.1,7.8,0,2034
20200123,4.6,0,9.9,0,2142
20200128,6.8,4.3,9.9,0,2104
20200129,6,3.2,9.6,0,2093
20200130,5.2,1.4,10.4,0,2029
20200131,3.9,1.4,8.9,0,2029
20200203,-0.4,-2.9,3,0,1983
20200204,-1.6,-6,3.9,1.7,2002
20200205,-8.3,-11,-4.9,0,1985
20200206,-6.4,-11.8,0.4,0,1996
20200207,-1.7,-7.2,2.2,0,2034
20200210,4,-0.7,9.6,0,2005
20200211,6.8,-0.5,14.6,0,1998
20200212,7.4,6.5,8.2,6.7,1998
20200213,6.5,4.9,8.7,0,2007
20200214,8.1,3.2,14.7,0,2050
20200217,-5.9,-7.1,-3.9,1,2094
20200218,-4.1,-8.3,1.3,0,2064
20200219,1,-4.4,6.4,0,2064
20200220,4.6,-0.6,10.8,0,2005
20200221,6.7,2.1,10.9,4.2,2042
20200224,7,0.8,12.2,0,2013
20200225,6.7,4.7,9.4,16.6,2008
20200226,6.4,2.8,10.4,0,2028
20200227,6.1,1.3,12.5,0,1969
20200228,4.5,3.6,5.9,3.9,2011
20200302,3.4,0,7.6,0,1979
20200303,4.8,0.3,10.5,0,1953
20200304,2.2,-1.3,4.6,0,1978
20200305,1.4,-2.8,6.3,0,1959
20200306,3.7,-2.5,10.1,0,1959
20200309,11.1,4.8,17.6,0,1972
20200310,6.4,3.2,10.8,11.8,1966
20200311,3.8,0,8.3,0,1965
20200312,6.8,0.2,13.3,0,1964
20200313,4.9,-0.1,8.7,0.5,1980
20200316,3.6,-2.1,9.1,0,1971
20200317,6.6,3.1,12.3,0,1964
20200318,10,2.7,17,0,1974
20200319,9.1,5.8,12.1,0,2016
20200320,8.8,3.1,14,0,2008
20200323,10.6,5.4,17,0,1986
20200324,11.4,5.3,17.9,0,1986
20200325,12.5,6.1,19.2,0,1986
20200326,14.8,8.1,20.6,1.8,2005
20200327,11.9,6.7,15.8,2,2005
20200330,10.2,4.3,16.9,0,2018
20200331,11.9,4.7,18.6,0,2007
20200401,11.3,6,17.4,0,2007
20200402,9.3,3.4,15.5,0,1996
20200403,10,5.3,16.3,0,2011
20200406,9.3,2.9,16.1,0,2027
20200407,10.6,6,16.8,0,2029
20200408,9.4,5.2,14.2,0,2045
20200409,8.9,4.3,14.7,0,2043
20200410,10.7,5.8,16.8,0,2045
20200413,12.4,4.3,20.4,0,2056
20200414,13,7.6,19.6,0,2078
20200416,16,8.9,23.8,0,2043
20200417,12.5,10.4,15.4,6.5,2036
20200420,10,7.6,13.1,0.1,2029
20200421,7.4,4.8,10.4,0,2029
20200422,6,4.1,8.3,0,2029
20200423,7.9,2.9,12.8,0,2052
20200424,9.9,4.1,14.3,0,2052
20200427,12.9,8.7,18.3,0,2055
20200428,13.9,7.8,19.9,0,2072
20200429,14.9,9.3,21,0,2072
20200504,20.2,14.8,25.3,0,2084
20200506,19.4,11.1,27.6,0,2096
20200507,20.7,14.9,26.5,0,2101
20200508,19.9,14.3,27.3,2.3,2095
20200511,16.5,12.4,22,3.4,2108
20200512,14.3,10.5,18.9,0.7,2115
20200513,16.1,10.2,21.8,0,2129
20200514,19.3,12.4,25.4,0,2137
20200515,16.1,14.1,20.2,12,2150
20200518,19.1,13.2,26.8,29.8,2193
20200519,13,10.1,17.1,19,2195
20200520,14.4,9.2,20.1,0,2195
20200521,17.4,10.9,22.9,0,2177
20200522,18.5,14.8,22.7,0,2172
20200525,16.6,13.7,21.3,0,2167
20200526,16.2,12.7,22.9,1.5,2184
20200527,17.4,11.8,23.9,0,2175
20200528,18.7,14.2,23.4,0,2191
20200529,20.7,14.6,27.6,0,2183
20200601,19.7,16.6,24.5,0.4,2194
20200602,17.9,14.8,21.8,2,2224
20200603,22,17.6,28.4,0,2224
20200604,21.9,19.7,26.5,0.2,2264
20200605,23,18.4,28.7,0,2272
20200608,25,19.8,32,0,2256
20200609,26.7,20.3,32.8,0,2263
20200610,25.8,22.5,32.1,6.2,2264
20200611,26.1,21.7,31.6,0,2267
20200612,24.7,21.6,27.6,0,2280
20200615,23,18.2,28.6,0,2291
20200616,24.4,20,30.7,0,2291
20200617,24.3,20.2,30.3,0,2291
20200618,23.4,20.3,27.3,0,2305
20200619,24.7,21.1,30,0.1,2311
20200622,28.6,21.7,35.4,0,2333
20200623,27.3,23.2,31,0,2349
20200624,22.3,19.9,26.3,37.6,2366
20200625,21.6,20.1,23.4,13.3,2362
20200626,21.8,19.2,25.7,2.1,2382
20200629,23.8,20.6,26.5,11.9,2382
20200630,20.1,18.4,23.1,64.7,2404
20200701,21.1,18.1,24.3,0,2404
20200702,24.2,20.4,29.8,0,2405
20200703,25.5,21.6,30.6,0.1,2455
20200706,25.6,21.8,30.9,0,2475
20200707,24.1,22.1,28.1,0,2521
20200708,25.5,21.3,30.4,0,2537
20200709,27.5,21.8,32.9,0,2551
20200710,24.5,22.7,27.7,2.2,2557
20200713,18.7,17.7,21.7,47.6,2569
20200714,20.3,17.2,24.3,11.5,2598
20200715,23.4,18.9,28.7,0,2577
20200716,25,20.4,29.7,0,2627
20200717,26,21.5,31.6,0,2640
20200720,23.8,22.4,26.6,3.6,2635
20200721,25,21.4,30.5,0,2664
20200722,23.7,22.6,25.7,11.5,2664
20200723,21.1,18.5,22.6,103.1,2675
20200724,22.5,18.7,26.8,2.9,2675
20200727,24.3,22.9,25.5,2.2,2703
20200728,24.4,22.7,26.4,0.4,2714
20200729,23.7,22.6,24.9,50.1,2714
20200730,25.3,23.4,28.4,0.1,2714
20200731,26.2,22.8,29.6,1.5,2752
20200803,25,23.9,26.3,102.6,2752
20200804,27,25,29.4,3.9,2760
20200805,26.5,25.5,29.1,18.5,2749
20200806,24.1,22.9,26,75.7,2769
20200807,24.3,22.6,26.1,0,2821
20200810,26.5,24.7,29.5,44.6,2811
20200811,24.6,22.4,27.3,97,2792
20200812,27.2,23.5,31.3,0,2810
20200813,28,26.3,30.3,0,2840
20200814,27.1,26.5,28,0.4,2840
20200818,27.5,24,31.9,0,2743
20200819,27.1,23.6,31.4,0,2665
20200820,27.7,25,31.7,0,2665
20200821,26.6,25.2,29.2,2.5,2649
20200824,27.8,23.7,32,0,2649
20200825,29.9,26,34.5,0,2649
20200826,30.2,27,34.5,0.6,2693
20200827,27.1,25.6,28.6,8.7,2619
20201023,8.6,5.4,13.3,0,2958
20201026,12.9,8,19,0,2997
20201027,14,9,19.4,0,2958
20201028,13.8,8.6,18.2,0,2978
20201029,10.8,5.5,16.1,0,2978
20201030,11.9,5.8,19.6,0,2960
20201102,10.8,7.9,15.6,1.7,2971
20201103,5.1,2.7,8.6,0.5,2953
20201104,4.9,0.2,10.8,0,2960
20201105,9.6,3.4,15.9,0,2958
20201106,13.5,9.9,17.2,0,2958
20201109,5.5,0.7,8.9,0,2792
20201110,7.7,3.5,12.9,0,2777
20201111,9.3,3.5,16.5,0,2751
20201112,10.4,4.6,17.7,0,2714
20201113,12.2,8.5,17.6,0,2714
20201116,12.4,7.5,18.3,0,2698
20201117,15.9,11.7,20,0.1,2707
20201118,16.6,14.8,18.7,12.2,2715
20201119,13.6,6.9,19.1,86.9,2715
20201120,2.8,0.3,7,0,2715
20201123,1.7,-1.5,5.9,0,2711
20201124,2.9,0.2,6.4,0,2711
20201125,4.6,0,9.5,0,2711
20201126,5.6,1.9,10.9,0,2678
20201127,4.1,0.6,7.7,0,2678
20201130,-0.2,-3.6,4.3,0,2678
20201201,1.1,-3.6,6.7,0,2678
20201202,2.4,0.5,6.1,0,2678
20201203,0.7,-2.3,4.2,0,2662
20201207,3.4,-0.7,6.3,0,2640
20201208,-0.5,-3.5,4.1,0,2640
20201209,1.5,-4.1,6.2,0,2635
20201210,5.8,3.2,9.3,0,2648
20201211,5.3,2.6,9.4,0,2642
20201214,-7.7,-9.7,-5,0,2657
20201215,-8.3,-11.1,-4.6,0,2673
20201216,-8.3,-11.2,-3.9,0,2769
20201217,-4.9,-11.1,0.8,0,2769
20201218,-2.1,-6.4,1.8,0.2,2769
20201221,-1,-6,4.7,0,2812
20201222,2,-2.5,7.2,0,2820
20201223,4.5,-0.4,8.5,0,2791
20201224,2.6,-2,6.1,0,2778
20201228,6.7,4.2,11.4,1.3,2789
20201229,0.1,-6.2,4.3,0.2,2785
20201230,-10.9,-12.9,-6.2,0,2785
20201231,-8.9,-12.9,-5,0,2790
20210104,-3.5,-8.4,0.3,0,2794
20210105,-5.5,-9.9,-2.1,0,2794
20210106,-7.4,-12,-1.9,2.3,2802
20210107,-14.5,-16.5,-8.4,0,2802
20210108,-14.9,-18.6,-10.7,0,2831
20210111,-6.7,-9.6,-4,0,2828
20210112,-3.9,-9.3,-0.5,2.6,2855
20210113,2,-3,8.3,0,2902
20210114,1.7,-3.6,7,0,2983
20210115,4.5,-0.7,9.9,0.2,3034
20210118,-3.8,-9.1,0.2,0.3,3091
20210119,-6.3,-11.6,-0.2,0,3107
20210120,-0.1,-6.6,7.1,0,3164
20210121,4.5,2.5,7,9.2,3203
20210122,5.5,4.8,6.6,0.1,3203
20210125,7.9,3,13.9,0,3211
20210126,5.3,1.7,7.4,1.7,3211
20210127,1.7,-1.8,6.5,0,3306
20210128,-2.6,-9.7,1.4,2,3351
20210129,-8.8,-11.6,-4.9,0,3351
20210201,5,-2.3,9.5,0.7,3378
20210202,-5.6,-8.2,-2.4,0,3378
20210203,-3.2,-9.4,1.4,3.4,3408
20210204,-3.6,-7.4,0.7,0.1,3623
20210205,1.4,-4.4,6.7,0,3655
20210208,-3.1,-5.4,0.2,0,3572
20210209,-0.9,-6.1,4.7,0,3629
20210210,3.4,-1.5,7.2,0,3628
20210215,1.2,-5.2,8.2,1.4,3447
20210216,-5.1,-7,-1.3,1.5,3392
20210217,-8.3,-10.4,-5.2,0,3387
20210218,-5.8,-10.6,-0.4,0,3421
20210219,1.6,-7.1,8.9,0,3401
20210222,7.8,0.4,12.6,0,3404
20210223,0,-3.1,4.3,0,3415
20210224,2.9,-3,10.1,0,3415
20210225,4.2,0.7,8.2,0,3364
20210226,8.2,0.5,15.8,0,3352
20210302,2.3,0.2,6.9,0.1,3302
20210303,4.4,-1.2,9.9,0,3299
20210304,7.2,2.5,13,0,3315
20210305,9,3,16.2,0,3340
20210308,7,1.5,13.9,0,3326
20210309,6.6,2.1,12.2,0,3282
20210310,8.8,1.7,17.1,0,3282
20210311,10.2,4.7,17.1,0,3239
20210312,10.5,7.2,14.9,0,3252
20210315,10.6,5.1,15.7,1.7,3273
20210316,8.4,4.9,13.1,1.3,3320
20210317,8.8,1.8,17.5,0,3320
20210318,11.7,5,18.4,0,3320
20210319,15.3,11.4,20.2,0,3320
20210322,6.2,1.1,11.1,0,3338
20210323,9.1,2.5,16.4,0,3353
20210324,10.8,5.7,16.9,0,3352
20210325,11.9,6.8,19,0,3352
20210326,12.6,4.8,20.6,0,3352
20210329,10.2,7.3,14.6,0.2,3393
20210330,10.8,4.1,18.2,0,3393
20210331,14.5,5.9,22.9,0,3404
20210401,17.7,12,24,0,3476
20210402,17.8,12.5,23,0,3463
20210405,11.9,5.4,19.3,0,3464
20210406,13.9,9.4,19.2,0,3464
20210407,14.1,8.1,20.4,0,3464
20210408,13,7.2,18,0,3452
20210409,13.6,7.6,19.6,0,3467
20210412,13.8,11.9,17.8,22,3422
20210413,10.4,5.7,13.5,8,3422
20210414,8.4,3.1,13.3,0,3424
20210415,11.6,6.3,18.3,0,3413
20210416,11.3,8.1,14.8,0.7,3382
20210419,12.2,5.8,19.4,0,3382
20210420,14.8,8.1,22,0,3382
20210421,19.1,10.3,28.2,0,3382
20210422,20.9,16.1,27.5,0,3394
20210423,19,17,21.7,0,3424
20210426,16.2,12.3,20.6,0,3424
20210427,15.4,12.5,20,1.7,3424
20210428,14.5,11.2,18.2,4.7,3424
20210429,14.6,10.9,20.1,3.9,3458
20210430,11.3,8.6,14.6,26.3,3458
20210503,14.1,8.4,20.3,0,3414
20210504,13.8,11.4,15.8,19.6,3422
20210506,15.7,7.9,23.1,0,3431
20210507,14.4,10.7,17.2,8.8,3432
20210510,13.2,11.7,14.6,0,3432
20210511,18.5,9.4,25.7,0,3431
20210512,22,16.9,27.7,0,3479
20210513,22.9,16.6,29.6,0,3432
20210514,24.1,18,30.8,0,3440
20210517,15.3,14.2,16.7,3.1,3440
20210518,17.9,13.6,24.5,0,3440
20210520,18.7,15.6,22.9,0.9,3406
20210521,16,14.2,18.2,6.9,3378
20210524,19.4,16.4,24.5,0,3325
20210525,15.3,11.9,19.3,8.3,3325
20210526,18,11.5,23,0,3335
20210527,15.8,13.9,18.7,8.9,3273
20210528,15.3,12.4,19.7,12.3,3188
20210531,19.9,16.5,23.8,4,3151
20210601,20.2,15.9,23.9,3.2,3163
20210602,23.2,16.6,29.7,0,3253
20210603,19.1,14.6,22.7,18.1,3228
20210604,18.5,13.3,23.6,0,3257
20210607,21.1,19.4,24,0,3373
20210608,23.6,18.8,29.5,0.1,3373
20210609,25.8,19.5,31.6,0,3373
20210610,24.9,20.5,29.8,6.1,3389
20210611,21.5,19.9,24.4,4.6,3389
20210614,24.8,18.9,30.2,0,3389
20210615,22.5,21.5,25.3,1.9,3389
20210616,24.3,20.3,28.9,0,3415
20210617,21.9,19.6,25,0,3415
20210618,20,19,21.4,6.3,3415
20210621,23.6,19.2,28.5,0,3415
20210622,22.8,19.7,28.6,0,3405
20210623,22.4,18.8,27.9,7.5,3392
20210624,23,18.5,28,0,3345
20210625,24.1,19.5,29.5,0,3314
20210628,23.7,21,29.2,0.1,3314
20210629,23.9,21.3,28.4,8,3314
20210630,24.3,21,28.8,6,3345
20210701,26.3,21.4,31,0,3351
20210702,27.1,23.6,31.8,0,3338
20210705,23.3,20.1,26.9,0,3351
20210706,25.3,21,30.1,0,3326
20210707,26.4,23.9,29.1,12.7,3327
20210708,26,23.8,29.8,2.9,3315
20210709,25.5,23.6,29.2,0,3234
20210712,28.1,23.8,32.5,0,3303
20210713,28.8,26.3,31.5,0,3303
20210714,29.7,26.1,33.5,0,3277
20210715,29.1,25.9,34.5,0,3302
20210716,28.8,24.2,35.2,0,3302
20210719,26.4,24,30.5,67.4,3419
20210720,27.9,23.6,31.8,0,3403
20210721,30.5,25.3,35.3,0,3403
20210722,31.2,26.5,35.9,0,3403
20210723,31.2,27.2,35.8,0,3403
20210726,31.2,27.4,35.4,0,3347
20210727,31.1,27.8,35.7,0,3347
20210728,30.4,27.1,34.7,0,3287
20210729,29.6,27,33.3,0,3287
20210730,30.5,25.8,35.4,0,3302
20210802,26.5,25,28.6,1.7,3295
20210803,28,24.1,31.4,0,3290
20210804,28.9,26.3,33.2,0,3277
20210805,29.4,25.6,33.7,0,3273
20210806,28.1,26,32.2,0,3254
20210809,28.3,23.3,33.6,0,3187
20210810,27.7,24.3,32.2,0,3183
20210811,27.4,24.1,31.6,0,3183
20210812,26.8,24,31.7,0,3158
20210813,26.6,23.4,30.1,0,3120
20210817,25.9,21.9,31.3,9.3,3048
20210818,24.3,20.6,31,5.6,3121
20210819,26,21,31.5,0,3067
20210820,26.6,22.6,30.7,0,3026
20210823,22.4,21,24,7.4,3124
20210824,23.4,21.1,26.4,10.5,3116
20210825,25,23.5,27.3,0.3,2902
20210826,25.5,22.9,27.9,0.7,3071
20211103,12.1,7.6,17.1,0,2708
20211104,12.1,8.4,16.3,0,2687
20211105,13,7.8,20.2,0,2563
20211108,8.6,4.5,15.5,25.7,2526
20211109,4.9,3,6.5,2,2525
20211110,4.2,0.7,7.7,0.3,2525
20211111,5.3,2.1,9.7,0,2533
20211112,4.5,1.3,8.6,0,2546
20211115,10.1,5.8,15.7,0,2614
20211116,8.5,4.4,13.6,0,2610
20211117,7.5,2.7,12.5,0,2613
20211118,11.9,7.7,16.2,0,2643
20211119,12.9,10.2,16.7,0,2643
20211122,2.7,-0.6,7.5,1.3,2554
20211123,-0.6,-3.7,2.3,0,2537
20211124,4.1,-2.6,9.1,0,2529
20211125,5.7,2.6,9.9,0,2517
20211126,2.9,-0.5,7.2,0,2517
20211129,7.6,2.5,13.7,0,2587
20211130,5.7,0.7,8.9,27.2,2604
20211201,-1.3,-3,1.5,0,2604
20211202,1.3,-4.6,5,0.1,2599
20211206,5.4,-0.7,12.1,0,2617
20211207,6.8,2.6,13.3,0,2617
20211208,6.7,1.9,13.3,0,2617
20211209,6.5,2.7,9.7,0,2617
20211210,7,5.8,8.2,0.7,2630
20211213,-2.2,-5.9,1.9,0,2622
20211214,3.7,-0.7,8.2,1.2,2622
20211215,7.2,5.4,10,2.1,2622
20211216,6.4,3.3,9.8,0,2636
20211217,-5.6,-10.1,3.2,0,2602
20211220,5.2,-0.9,11.1,0,2602
20211221,5.2,0.8,8.9,0,2607
20211222,2.2,-2.6,8.2,0,2607
20211223,2.7,-1.5,8.3,0,2607
20211224,-0.3,-7.3,3.2,0.2,2607
20211227,-7.6,-12.9,-3.9,0,2607
20211228,-4.1,-8.5,-0.9,0,2607
20211229,0.4,-3.8,5.9,0.2,2569
20211230,-3.9,-6.8,0.2,0,2569
20211231,-6.7,-8.8,-3.9,0,2580
20220103,-1.9,-8,2.5,0,2580
20220104,-2.5,-5.6,1,0,2580
20220105,-2.8,-7.8,1.9,0,2585
20220106,-2.2,-5.9,3.3,0,2585
20220107,-1.6,-5.9,4.5,0,2634
20220110,0.5,-3.4,4.4,0.9,2663
20220111,-7.4,-10.3,0.3,0.2,2638
20220112,-7.7,-11.3,-3.4,0,2622
20220113,-6.4,-8.9,-3.1,0,2606
20220114,-4.8,-10.1,1.3,0,2630
20220117,-5.8,-9.2,0.1,0.5,2689
20220118,-5.6,-9.9,-0.7,0,2706
20220119,-5.3,-7.7,-2.7,1.7,2707
20220120,-5,-9.8,0.9,0,2666
20220121,-2.7,-8.7,4.6,0,2657
20220124,4.6,1.3,8.4,0,2741
20220125,2.8,1.9,4.5,0.7,2741
20220126,1.3,-1.9,6.8,0,2741
20220127,-1.1,-4.6,4,0,2724
20220128,-2.7,-5.9,2.1,0,2710
20220203,-3.4,-6.9,0.4,0,2809
20220204,-5.2,-8.2,-0.7,0,2776
20220207,-2.5,-7.3,1.9,0,2650
20220208,-0.1,-4.1,5.6,0,2638
20220209,1,-4.3,7.2,0,2638
20220210,1.4,-3.2,6.7,0,2634
20220211,2.9,-2.6,8.8,0,2634
20220214,2.5,-1.3,8.1,1.7,2634
20220215,-4.7,-7.7,-1.3,0,2620
20220216,-7.3,-9.6,-4.1,0,2616
20220217,-6.2,-10.7,-0.5,0,2597
20220218,-1.2,-8,5.7,0,2597
20220221,-3,-8.1,3.6,0.1,2676
20220222,-4.5,-8,0.5,0,2685
20220223,-5.6,-10,-0.6,0,2685
20220224,-2.4,-8.5,3.7,0,2670
20220225,3,-3.6,8.4,0,2702
20220228,6.8,2.7,11.5,0,2702
20220302,3.5,-2.3,8.8,0,2772
20220303,5.8,0.9,12.4,0,2764
20220304,6.9,0.6,14.6,0,2772
20220307,2.8,-2.7,8.7,0,2788
20220308,6,1.1,12.3,0,2779
20220310,9.3,4.2,15.8,0,2764
20220311,11.2,5.1,18.4,0,2755
20220314,8.2,4.9,13.2,8.7,2750
20220315,7.2,2.3,13.3,0,2750
20220316,10.3,3.6,16.8,0,2750
20220317,10.7,7.8,15.1,1.2,2650
20220318,7.5,5.5,9.6,0,2650
20220321,5,-0.3,10.9,0,2674
20220322,7.1,1.1,13.6,0,2674
20220323,6.2,4.9,8.2,0,2674
20220324,8.2,3.9,12.4,0,2725
20220325,12,6.3,17.2,10.9,2735
20220328,8.2,1.5,15.1,0,2735
20220329,9.7,3.3,15.6,0,2756
20220330,10.8,5.9,15.7,0.4,2769
20220331,10.9,7.6,14.7,0,2707
20220401,9.2,4.5,14.9,0,2701
20220404,10.3,5.1,16.4,0,2701
20220405,10.3,4.9,15.8,0,2709
20220406,11.7,8,17,0,2727
20220407,10.9,7.4,15.7,0,2749
20220408,12.9,5.1,20,0,2738
20220411,19.6,13.4,26.6,0,2752
20220412,19.3,15.9,26.4,0.5,2752
20220413,13.1,12,15.9,1.3,2752
20220414,13.2,11.4,15.3,0,2778
20220415,13.3,7.5,19.3,0,2803
20220418,15.2,11.4,21.6,0,2816
20220419,15.2,8.9,22.1,0,2833
20220420,15.7,9.7,22.1,0,2833
20220421,16.3,9.6,22.7,0,2833
20220422,15,13.2,16.8,0,2833
20220425,20,17,23.6,1.3,2858
20220426,21.9,17,28.7,1,2866
20220427,17.7,12.6,23.9,0,2866
20220428,18.2,11.6,25.9,0,2866
20220429,13.4,10.7,16.5,15.5,2874
20220502,14.2,9.1,19.4,0,2874
20220503,14.8,9.1,20.8,0,2880
20220504,17.8,10,25.2,0,2880
20220506,19.6,13.7,25.6,0,2880
20220509,17.9,11,25.3,0,2866
20220510,19.9,13.6,26.3,0,2872
20220511,19.7,16.6,25.2,0,2872
20220512,20.9,14.1,28.1,0,2854
20220513,19.4,15,25.2,0,2838
20220516,17.3,10.9,23.7,0,2838
20220517,20,13,27.4,0,2836
20220518,20,15.7,25.4,1.5,2836
20220519,19.9,16.1,24.2,0,2787
20220520,20.6,15.6,25.8,0,2775
20220523,23,17.8,30.7,0,2807
20220524,22.9,16.7,30.2,0,2807
20220525,21,16.7,26.7,3.5,2821
20220526,18.7,14.1,23.5,0,2821
20220527,20,16,25.6,0,2830
20220530,20.8,17.2,24.7,0,2830
20220531,20.7,14.2,27.2,0,2809
20220602,21.5,17.1,26.9,0,2824
20220603,24.5,18.7,32.6,0,2841
20220607,20.6,15.1,25.1,0,2817
20220608,21.2,16.2,25.8,0,2817
20220609,20.9,18.5,24.5,2.6,2832
20220610,20.9,17.2,26.6,1.2,2832
20220613,23.6,19.6,29.2,18,2856
20220614,21.5,17.7,27.1,0,2864
20220615,17.5,14.9,20.1,18.5,2792
20220616,20.3,17.6,24.8,0.7,2874
20220617,22.5,16.5,28.1,0,2850
20220620,25.2,22,29,0,2910
20220621,26.5,21.2,32.6,0,2941
20220622,25.9,21.9,31,0,2941
20220623,24.3,23.3,26.4,103,2936
20220624,22.6,20.6,24.9,19.1,2929
20220627,26.8,25.4,28.1,6.1,2961
20220628,26.9,25.7,27.9,6.3,2923
20220629,25.1,24.4,26.1,37.8,2936
20220630,22.3,21.2,24.5,176.2,2931
20220701,26.6,21.9,30.9,0,2968
20220704,29.3,26.4,32.6,0,2981
20220705,29.2,26.7,33.1,0,2968
20220706,29.5,26.2,33.3,16.1,2946
20220707,28.2,26.4,31,0,3002
20220708,25.8,24,27.9,1.7,3002
20220711,27,24.7,30.6,9,3016
20220712,26.8,23.2,29.4,0,3016
20220713,25,24,27.1,114.5,3043
20220714,25.7,23.3,29.9,0.9,2983
20220715,26,23,30.3,0,2983
20220718,26.8,23.1,30.1,0,2986
20220719,27.4,24.3,31.1,0,3004
20220720,27.1,24.3,30.4,1.1,3004
20220721,23.2,20.8,25.2,10.4,3004
20220722,25.1,22.9,27.5,5.2,3004
20220725,27.5,23.6,32,0,3004
20220726,28.9,24.4,33.1,0,2966
20220727,29.3,26.4,33.4,0,2966
20220728,29.7,25.1,34.4,0,2966
20220729,30.7,27.3,34.3,0,2966
20220801,28.6,25.4,32.4,30,2995
20220802,26.8,25.5,28.5,33.5,3004
20220803,27.1,25.2,30,51.1,2991
20220804,28.9,26,32.9,0,2991
20220805,29.4,27,32.7,0,2990
20220808,26.8,0,28.4,129.6,3054
20220809,25.1,22,26.5,123.1,3080
20220810,24.7,21.4,28.8,7.6,3085
20220811,25,23.4,27.5,38.8,3109
20220812,27,23,32.4,0,3036
20220816,26.7,24.1,30,0,3056
20220817,26,22.8,30.5,0,3037
20220818,25.6,22.4,29.8,0,3079
20220819,26,23.3,27.5,66.1,3079
20220822,26.8,22.9,30.2,3.2,3184
20220823,25.4,22.4,30.2,2.2,3203
20221025,11.3,5.9,17.6,0,2542
20221026,12.9,8,17.8,0,2470
20221027,13.2,8.6,18.9,0,2238
20221028,13.6,8.2,20.6,0,2252
20221031,14.9,11.2,21.1,0,2307
20221101,13.1,9.4,17.8,0,2305
20221102,11.1,5.5,17.9,0,2303
20221103,9.3,5.6,13.4,0,2303
20221104,4.9,1.6,9.8,0,2294
20221107,11.4,6.1,16.6,0,2288
20221108,12.9,9.7,17.9,0,2288
20221109,11.4,6.7,16,0,2265
20221110,13.5,8.8,19.1,0,2265
20221111,15.6,10.9,22.1,0,2265
20221114,9.7,5.9,13.8,0,2256
20221115,8.1,4,12.3,1.6,2259
20221116,8.5,5.5,13,0,2272
20221117,10.2,5.4,16.6,0,2245
20221118,11,5.3,18.1,0,2198
20221121,11.8,9.3,16.2,0,2209
20221122,10.7,7,13.7,0,2220
20221123,10.8,6.8,15.2,0,2243
20221124,9.4,5.9,14.1,0,2237
20221125,12.3,7.1,17.8,1.7,2237
20221128,12.3,7.5,15,19.5,2226
20221129,6.9,-1.6,15,3.8,2236
20221130,-5.4,-8.1,-1.6,0,2235
20221201,-5.4,-9.4,-1.2,0,2235
20221205,-3.1,-7,1.9,0,2227
20221206,0.9,-3.9,5.3,0.1,2227
20221207,4.9,1.2,9,0.1,2227
20221208,3.7,0.1,9.1,0,2207
20221209,4.5,0.9,10.2,0,2202
20221212,2,-2,6.3,5.4,2202
20221213,0,-6.4,3.1,0.6,2214
20221214,-8.4,-11,-4.9,0,2212
20221215,-4.5,-8.5,-1.3,2.4,2209
20221216,-6.3,-9.6,-2.2,0,2209
20221219,-7,-12,-2.5,0,2194
20221220,-3.2,-9.5,2.9,0,2186
20221221,-0.1,-2.6,2.6,3.6,2171
20221222,-7.8,-11.3,-2.6,0,2156
20221223,-11.8,-13.7,-8.6,0,2156
20221226,-3.9,-7.9,1.7,0,2173
20221227,-2.6,-7.3,3.3,0,2144
20221228,-3.3,-6,0.1,0.1,2152
20221229,-2.9,-7.8,2.1,0,2182
20221230,-1.8,-4.4,2.3,0,2182
20230102,-4.5,-7.4,-0.4,0,2222
20230103,-5,-9,0.6,0,2243
20230104,-1.8,-5.7,3.3,0,2239
20230105,-1.6,-5.6,3.6,0,2242
20230106,0.6,-4.7,5.7,3.9,2233
20230109,3.1,-1.3,7,0,2212
20230110,1.6,-3.9,9.1,0,2208
20230111,2.6,-2,9.2,0,2190
20230112,5.9,-0.6,12.5,0,2215
20230113,8.3,5.1,10.1,37.3,2566
20230116,-4.6,-6.8,-1.2,0,2564
20230117,-3.7,-7,-0.4,0,2554
20230118,-1.9,-4.6,2.2,0,2695
20230119,-0.4,-6,4.3,1,2698
20230120,-3.3,-7.7,2,0,2806
20230125,-11.3,-17.3,-5.4,0,2510
20230126,-6,-9,-3.5,0.8,2222
20230127,-7.3,-9.6,-3.8,0,2265
20230130,-0.9,-4.4,4.2,0,2247
20230131,2.4,-3.5,7.8,0,2255
20230201,0.9,-3,6,0,2255
20230202,-2.4,-5.1,1.4,0,2251
20230203,-1.6,-3.9,3.4,0,2272
20230206,3,-1.7,8.8,0,2269
20230207,3.5,-0.6,9.5,0,2264
20230208,2.1,-1.3,7.8,0,2250
20230209,4,-2.8,9.9,0,2293
20230210,3.8,1.1,6.2,0.6,2310
20230213,5.9,2.7,8.4,0,2305
20230214,1.7,-2.5,6.6,0,2289
20230215,3.2,-1.2,8.9,0,2318
20230216,2.3,-0.7,4.5,0,2317
20230217,3.4,-1.5,9.8,0,2317
20230220,-0.5,-3.5,2.4,0,2318
20230221,-1.3,-5.3,4.8,0,2312
20230222,1.2,-4.5,8.4,0,2306
20230223,2.9,-1.8,9.2,0,2305
20230224,3.5,-0.4,8.5,0,2302
20230227,4.4,-1.8,12.4,0,2295
20230228,4.3,-0.7,8.7,0,2285
20230302,2.2,-1.8,6.6,0,2288
20230303,4.6,-1.9,10.4,0,2292
20230306,9.2,2.2,16.5,0,2285
20230307,11.7,6.3,19.4,0,2285
20230308,12.5,7.4,17.7,1.2,2299
20230309,10.3,7.4,13.1,3.7,2292
20230310,13.5,6.2,22.2,0,2278
20230313,2.9,-1.9,7.6,0,2278
20230314,9.2,3.3,15.4,0,2263
20230315,8.6,3.5,14.4,0,2263
20230316,4.6,0.4,9,0,2280
20230317,7.2,0.7,12.7,0,2279
20230320,9.5,2.6,17.1,0,2286
20230321,13,5,22.2,0,2279
20230322,17,9.2,25.1,0,2297
20230323,17.4,12.3,23.3,0,2302
20230324,12.5,7.6,18.3,0,2302
20230327,7.3,1.9,14.5,0,2281
20230328,9.2,2.8,15.7,0,2267
20230329,11.8,5.1,19.7,0,2261
20230330,13.3,6.4,21.2,0,2302
20230331,15,7.5,23.9,0,2306
20230403,19,11.3,25.9,0,2319
20230404,17.6,12.7,21.7,6.9,2319
20230405,11.9,8.7,14.9,50.3,2327
20230406,8.8,7.4,9.7,2.7,2336
20230407,8.9,4.6,15.7,0,2336
20230410,13.2,6.2,19.1,0,2336
20230411,13.1,9.2,17.4,2.9,2306
20230412,10.1,4.8,15.3,0,2303
20230413,11.9,5.1,17.2,0,2279
20230414,16.2,11.9,21.3,0,2264
20230417,13.1,6.8,18.1,0,2264
20230418,14,10.7,18.4,1.5,2255
20230419,19.1,11.5,28.4,0,2261
20230420,15.8,14.5,18.9,0.5,2280
20230421,16.7,11.4,22.8,0,2255
20230424,15.8,11.5,21.3,0,2255
20230425,10.9,9,13.2,0.4,2255
20230426,10.2,7.4,13.5,0,2253
20230427,12.9,5.1,20,0,2407
20230428,15.7,9,21.3,1.9,2409
20230502,16.7,9.1,23.7,0,2403
20230503,19.5,12.4,26.2,0,2393
20230504,21.4,15.6,25.8,0,2369
20230508,15.3,7.9,22,0,2363
20230509,17,10,24.4,0,2392
20230510,18.4,10.7,26,0,2398
20230511,19.5,12.8,26.7,0,2392
20230512,18.4,13.1,24.7,0,2446
20230515,20.6,12.8,27.9,0,2437
20230516,24,17.2,31.2,0,2447
20230517,23.5,18.6,28.7,0,2435
20230518,21.2,18.8,27.6,1.3,2406
20230519,22.3,16.7,27.8,0,2410
20230522,20.3,15.9,26.8,0,2392
20230523,20.5,14.1,26.9,0,2401
20230524,20.6,14.8,25.9,0,2425
20230525,21.2,15.7,27.4,0,2499
20230526,21.4,15.8,27.3,0.5,2499
20230530,24,20.5,28.9,0,2501
20230531,22.8,18.8,28.2,0,2501
20230601,22.8,19.7,26.3,0,2382
20230602,20.4,17.9,25,0,2355
20230605,21.5,17.6,26.3,0,2309
20230607,21.4,18.9,25.7,0,2333
20230608,20.4,18.3,23.9,1.9,2375
20230609,23.3,18.3,28.4,1.2,2374
20230612,22.2,18.4,27.5,0,2372
20230613,22,19.2,26,0,2377
20230614,20.6,17.5,25,30.6,2376
20230615,22.7,17.7,28.3,0,2391
20230616,23.7,19.1,28.9,0,2412
20230619,28.5,23.3,34,0,2431
20230620,24.7,21.4,26.4,6.4,2441
20230621,20.5,19.2,22.1,24.9,2458
20230622,22.5,18.9,26.4,0,2525
20230623,24.4,20,29.9,0,2549
20230626,24.2,22.3,27.5,30.3,2575
20230627,25.3,21.4,29.1,2.5,2575
20230628,26.5,24.2,30.1,0,2575
20230629,24.2,23.2,25.9,63.8,2666
20230630,25.3,23.2,29.1,1,2666
20230703,29.1,24.1,34.9,0,2789
20230704,26.1,24.5,29.2,61.8,2828
20230705,24.5,22.1,27.1,15.3,2854
20230706,27.3,22.4,31.8,0,2830
20230707,26.7,23.3,31.4,0,2850
20230710,26.3,22.9,30.9,11.5,2905
20230711,23.5,21.6,25.9,58.3,2905
20230712,25.8,22,29.1,0.7,2862
20230713,25.2,24.7,26.5,91.6,2837
20230714,24.6,23.9,25.1,72.7,2786
20230717,25.5,23.7,27.8,1.4,2826
20230718,25.2,24.1,27.7,2.3,2795
20230719,27.2,22.5,32.4,0,2794
20230720,27.9,24,32.8,0,2801
20230721,29.5,24.6,34.3,0,2817
20230724,26.9,24.6,30,0.4,2907
20230725,27.8,25.8,30.5,5.6,2901
20230726,27.6,24.9,31.1,1,2893
20230727,28.4,24.4,32.2,0,2882
20230728,29.5,25.4,34.1,0,2867
20230731,28.7,25.6,33.4,0.3,2940
20230801,29.9,25.5,34.2,0,2896
20230802,29.7,26.8,33.7,0,2896
20230803,29.5,25.8,33.8,0,2919
20230804,30,26.5,34.4,0,2920
20230807,30.4,27.3,34.6,0,2985
20230808,30.9,26.4,35.8,0,3045
20230809,28.3,25.1,31.6,0.2,3052
20231023,15.2,11.1,21.4,0,3385
20231024,15.6,11.2,19.3,0,3317
20231025,16.6,12.7,21.9,0,3350
20231026,17.2,14.6,21.1,0,3072
20231027,15.7,12.6,20.2,0,3048
20231030,15.1,9.7,21.9,0,2804
20231031,16.5,12.7,20.8,0,2772
20231101,19,17.2,20.6,0,2722
20231102,20.8,18.7,25.9,0,2738
20231103,19.5,17.7,22.4,8.5,2745
20231106,13.3,6.6,19.3,45.8,2883
20231107,5.8,3.6,9.9,0,2906
20231108,8.4,1.8,16.1,0,2917
20231109,11.4,5.9,18.4,5.1,2604
20231110,3.4,0.5,9.1,0,2548
20231113,2,-2.2,6.7,0,2545
20231114,5,-0.8,10.8,0,2532
20231115,7,2,12.5,0,2539
20231116,6.6,5.7,7.4,8.4,2557
20231117,1.6,-1.9,5.9,0,2722
20231120,6.2,1.8,12.8,0,2695
20231121,7.4,1.4,14.8,0,2687
20231122,9.5,2.9,15.1,0,2733
20231123,9.9,1.9,14.6,0.1,2805
20231124,-1.5,-4.4,2.2,0,2844
20231127,6.2,4.4,9.3,3.6,2851
20231128,1.3,-1.2,5.2,0,2817
20231129,-1.4,-4,3,0,2833
20231130,-4.3,-7.3,-0.5,0,2810
20231204,2.7,-3,9.4,0,2799
20231205,6.8,3.8,12.6,0,2799
20231206,6.1,3.9,8.7,3.8,2827
20231207,6.6,0.8,11.4,0,2721
20231208,11.2,5.1,16.8,0,2750
20231211,8.9,5,12.3,11.4,2761
20231212,5.4,3.5,9.3,0.4,2751
20231213,6.8,2.6,10.3,0,2750
20231214,7.6,6.2,9.1,17,2740
20231215,4.9,3.7,6.2,31.1,2744
20231218,-7.7,-12.2,-3.6,0,2811
20231219,-3.7,-8.2,0.2,0.3,2823
20231220,-7.4,-11.9,-2.1,0.8,2818
20231221,-11.7,-14.4,-8,0,2809
20231222,-11.6,-14.7,-8,0,2822
20231226,1.9,-2.6,7.2,0,2802
20231227,1.5,-2.8,6.8,0,2818
20231228,1.2,-1.7,4.4,0,2981
20231229,1.3,-1.5,4.6,0,2925
20240102,2.9,2.2,4.3,0,2967
20240103,1.8,-1.1,4,0.6,2959
20240104,1.4,-3.3,4.7,0,2870
20240105,5,1.4,9.1,0,2910
20240108,-4.7,-10.3,0,0,2910
20240109,-0.6,-1.9,0.4,1.6,2948
20240110,-1,-4.1,3.3,0,2900
20240111,1.7,-2.4,4.5,0,2672
20240112,0.9,-1.4,4.2,0,2609
20240115,-3.7,-6.9,0.9,0,2592
20240116,-2.1,-7.2,4.3,0,2578
20240117,0.6,-2.3,1.9,9.7,2595
20240118,4.5,1.4,9.4,0.5,2826
20240119,5.4,4,9,0,2890
20240122,-8.7,-11.9,-2.4,0.2,2742
20240123,-11.7,-14,-8.2,0,2737
20240124,-8,-11.2,-3.7,0,2748
20240125,-5.3,-9.7,-0.5,0,2919
20240126,-1.7,-6.9,4,0,2771
20240129,-0.4,-4.8,4.6,0,2582
20240130,1.4,-4,8.1,0,2599
20240131,4.7,0.7,10.6,0,2584
20240201,2.4,-1.3,8.2,0,2454
20240202,3.1,0.7,7.9,0,2493
20240205,2.7,0.1,6.6,3.9,2520
20240206,1.2,0,2.9,0.2,2526
20240207,0.6,-0.9,2.7,0,2530
20240208,0.6,-3,6.2,0,2524
20240213,8.2,2,13.7,0,2940
20240214,12.9,8.8,18.3,0,2904
20240215,4.5,0.6,11.6,10.9,2974
20240216,2.3,-1.5,8.1,0,2972
20240219,9.1,4.2,11.9,8.9,2934
20240220,4.3,2.8,6.8,2.6,2936
20240221,1.9,0,4,17.8,2948
20240222,0.2,-1.1,1.6,8.8,2919
20240223,1.8,-1,6.1,0.4,2924
20240226,3.8,-1.2,9.7,0,2930
20240227,5.3,1.2,9.8,0,2931
20240228,6.4,3.2,10.1,0,2947
20240229,4.8,0.3,9.6,0,2909
20240304,5.4,-1.8,11.7,0,2976
20240305,8,5.5,11,0,2970
20240306,6.2,2.5,10.3,0,2960
20240307,3.9,1.2,8.2,2.1,3088
20240308,2.1,-0.7,6.5,0,3008
20240311,6.2,2,10.8,0,3001
20240312,6.6,4.4,10,2.1,3010
20240313,6.5,1.3,12,0,3011
20240314,8.5,3.4,15.4,0,2768
20240315,8.9,4,14.5,0,2742
20240318,7.1,1.4,13.2,0,2415
20240319,6.7,3.9,9.8,0.2,2373
20240320,4.4,1.2,8.7,0,2378
20240321,5,-1.2,11.5,0,2404
20240322,10.4,3.8,15.2,5.4,2425
20240325,10.6,6.7,14.5,5.1,2492
20240326,7.4,3.2,12.4,11.5,2490
20240327,10.4,4.4,16.2,0,2489
20240328,10.3,7.8,12.2,1.9,2537
20240329,7.6,5,12.3,1.4,2471
20240401,12.2,5.5,19,0,2467
20240402,15.4,7,23.9,0,2461
20240403,16.6,13.9,19.7,0,2483
20240404,15.5,12.4,20.3,0,2474
20240405,14,10.2,18.8,0,2429
20240408,16.2,11,22.8,0,2512
20240409,15.3,10.6,20.8,0,2422
20240411,15.5,11.7,21.1,0,2415
20240412,17.2,12,24.2,0,2379
20240415,16,11.7,20,17.1,2502
20240416,13.3,11.5,17.9,2.3,2435
20240417,15,9.7,21.8,0,2432
20240418,17.3,10.7,24.9,0,2412
20240419,17.6,11.5,24.3,0,2409
20240422,18.8,15,24.1,0,2439
20240423,17.3,13.2,24.2,0,2393
20240424,13.2,11,16.5,9,2387
20240425,14.4,10.3,20.8,0,2613
20240426,17.8,11.4,26,0,2696
20240429,20.9,16.9,26.1,0,2714
20240430,18.6,16,22.5,0,2713
20240502,18.1,12.4,23.7,0,2767
20240503,19.7,12.2,27.9,0,2685
20240507,13.3,12.2,15,2.4,2668
20240508,14.7,9,21.4,0,2682
20240509,16.1,10.9,21.8,0,2874
20240510,17.9,12.5,23.8,0,2922
20240513,18.3,11.9,24.5,0,2931
20240514,18.8,12.7,24.7,0,2937
20240516,13.7,6.9,19.8,0.1,3234
20240517,18.3,10.8,24.9,0,3194
20240520,19.4,16.8,22.8,0,3161
20240521,21.7,16.3,28.3,0,3170
20240522,20.5,16.4,25.5,0,3159
20240523,20.2,15.8,26.4,0,3250
20240524,20.1,15.7,24.7,0,3226
20240527,18.5,14.1,22.6,0,3226
20240528,20.4,14.3,26.1,0,3240
20240529,21.2,15.4,26.8,0,3236
20240530,20.7,16.2,24.6,0,3196
20240531,20.4,16.9,25.4,1,3148
